{"cameraMode":{"drawMode":0,"name":"Shaded","section":"Shading Mode"},"sceneLighting":false,"audioPlay":false,"sceneViewState":{"m_AlwaysRefresh":false,"showFog":true,"showSkybox":false,"showFlares":true,"showImageEffects":true,"showParticleSystems":true,"showVisualEffectGraphs":true,"m_FxEnabled":true},"in2DMode":false,"pivot":{"x":-4.434455394744873,"y":0.47320032119750979,"z":1.8313374519348145},"rotation":{"x":0.18922372162342072,"y":-0.7693694829940796,"z":0.2648288905620575,"w":0.5497384667396545},"size":1.6146149635314942,"orthographic":false}